<?xml version="1.0" encoding="UTF-8"?>
<openerp>
    <data>

         <record id="seq_convention" model="ir.sequence">
               <field name="name">number_convention</field>
               <field name="code">itdev.engagement</field>
               <field name="active">TRUE</field>
               <field name="prefix">CN/%(range_year)s/</field>
               <field name="padding">4</field>
               <field name="number_next">1</field>
               <field name="number_increment">1</field>
               <field name="use_date_range" eval="True" />
         </record>

        <record id="seq_client" model="ir.sequence">
               <field name="name">number_client</field>
               <field name="code">client.engagement</field>
               <field name="active">TRUE</field>
               <field name="prefix">CL</field>
               <field name="padding">4</field>
               <field name="number_next">1</field>
               <field name="number_increment">1</field>
               <field name="use_date_range" eval="False" />
         </record>

    </data>
</openerp>
