<?xml version="1.0" encoding="UTF-8"?>
<openerp>
    <data>

         <record id="seq_convention_credit" model="ir.sequence"> <!-- Changed ID to seq_convention_credit -->
               <field name="name">number_convention_credit</field> <!-- Changed name to number_convention_credit -->
               <field name="code">conventioncredit.convention</field> <!-- Changed code -->
               <field name="active">TRUE</field>
               <field name="prefix">CC/%(range_year)s/</field> <!-- Changed prefix to CC -->
               <field name="padding">4</field>
               <field name="number_next">1</field>
               <field name="number_increment">1</field>
               <field name="use_date_range" eval="True" />
         </record>

        <record id="seq_client_credit" model="ir.sequence"> <!-- Changed ID to seq_client_credit -->
               <field name="name">number_client_credit</field> <!-- Changed name to number_client_credit -->
               <field name="code">client.conventioncredit</field> <!-- Changed code -->
               <field name="active">TRUE</field>
               <field name="prefix">CL</field>
               <field name="padding">4</field>
               <field name="number_next">1</field>
               <field name="number_increment">1</field>
               <field name="use_date_range" eval="False" />
         </record>

    </data>
</openerp>
